region,effect_size
rh_precuneus,1.3021671349524289
lh_precuneus,1.2880487138004506
rh_inferiorparietal,1.2595268854575845
lh_entorhinal,1.215399328702734
lh_fusiform,1.1448562995248504
lh_inferiorparietal,1.1340487176500782
rh_superiorparietal,1.113446987607149
lh_superiorparietal,1.1003943291959368
rh_middletemporal,1.0973769333656782
lh_middletemporal,1.0647535890397462
